{
    "J0030+0451_KAT_MKBF_efac": 1.04232810218732,
    "J0030+0451_KAT_MKBF_log10_tnequad": -9.98460950158429,
    "J0101-6422_KAT_MKBF_efac": 0.894748696412306,
    "J0101-6422_KAT_MKBF_log10_tnequad": -6.15847740347131,
    "J0125-2327_KAT_MKBF_efac": 0.996603635314713,
    "J0125-2327_KAT_MKBF_log10_ecorr": -6.73821384743775,
    "J0125-2327_KAT_MKBF_log10_tnequad": -6.88020972573717,
    "J0437-4715_KAT_MKBF_efac": 0.100609219822239,
    "J0437-4715_KAT_MKBF_log10_ecorr": -6.70645537447336,
    "J0437-4715_KAT_MKBF_log10_tnequad": -5.97191004946048,
    "J0610-2100_KAT_MKBF_efac": 1.05771959523354,
    "J0610-2100_KAT_MKBF_log10_ecorr": -6.34529926839314,
    "J0610-2100_KAT_MKBF_log10_tnequad": -8.93808869858419,
    "J0613-0200_KAT_MKBF_efac": 0.976738100364562,
    "J0613-0200_KAT_MKBF_log10_ecorr": -6.54411993610308,
    "J0613-0200_KAT_MKBF_log10_tnequad": -6.5042290554663,
    "J0614-3329_KAT_MKBF_efac": 0.994179706270846,
    "J0614-3329_KAT_MKBF_log10_ecorr": -6.58076832673904,
    "J0614-3329_KAT_MKBF_log10_tnequad": -9.5156136610433,
    "J0636-3044_KAT_MKBF_efac": 1.03685571743693,
    "J0636-3044_KAT_MKBF_log10_tnequad": -6.50526286125512,
    "J0711-6830_KAT_MKBF_efac": 0.992114657027935,
    "J0711-6830_KAT_MKBF_log10_ecorr": -6.45302453761017,
    "J0711-6830_KAT_MKBF_log10_tnequad": -6.81320180008221,
    "J0900-3144_KAT_MKBF_efac": 0.967475695784533,
    "J0900-3144_KAT_MKBF_log10_ecorr": -5.83992145576577,
    "J0900-3144_KAT_MKBF_log10_tnequad": -5.83015557613165,
    "J0931-1902_KAT_MKBF_efac": 0.921130612162842,
    "J0931-1902_KAT_MKBF_log10_ecorr": -6.42509415470989,
    "J0931-1902_KAT_MKBF_log10_tnequad": -8.16242109272688,
    "J0955-6150_KAT_MKBF_efac": 1.05481016101548,
    "J0955-6150_KAT_MKBF_log10_ecorr": -5.88961004490113,
    "J0955-6150_KAT_MKBF_log10_tnequad": -6.42877316478519,
    "J1012-4235_KAT_MKBF_efac": 1.35309031423372,
    "J1012-4235_KAT_MKBF_log10_tnequad": -8.96116147727267,
    "J1017-7156_KAT_MKBF_efac": 1.46931411517971,
    "J1017-7156_KAT_MKBF_log10_ecorr": -6.32885116314744,
    "J1017-7156_KAT_MKBF_log10_tnequad": -7.02041767571046,
    "J1022+1001_KAT_MKBF_efac": 0.958906357823237,
    "J1022+1001_KAT_MKBF_log10_ecorr": -5.90379211196185,
    "J1022+1001_KAT_MKBF_log10_tnequad": -6.44509572171418,
    "J1024-0719_KAT_MKBF_efac": 0.981148493151922,
    "J1024-0719_KAT_MKBF_log10_tnequad": -9.51663052620445,
    "J1036-8317_KAT_MKBF_efac": 0.924872824807226,
    "J1036-8317_KAT_MKBF_log10_tnequad": -6.12051609321818,
    "J1045-4509_KAT_MKBF_efac": 1.0181377095562,
    "J1045-4509_KAT_MKBF_log10_ecorr": -5.74941688339707,
    "J1045-4509_KAT_MKBF_log10_tnequad": -6.00454796872761,
    "J1101-6424_KAT_MKBF_efac": 0.958216499153924,
    "J1101-6424_KAT_MKBF_log10_ecorr": -6.06475120363543,
    "J1101-6424_KAT_MKBF_log10_tnequad": -6.16044458109946,
    "J1103-5403_KAT_MKBF_efac": 1.02761374973569,
    "J1103-5403_KAT_MKBF_log10_ecorr": -5.38417844210818,
    "J1103-5403_KAT_MKBF_log10_tnequad": -6.72442661875504,
    "J1125-5825_KAT_MKBF_efac": 0.925455710988444,
    "J1125-5825_KAT_MKBF_log10_ecorr": -5.65410689942286,
    "J1125-5825_KAT_MKBF_log10_tnequad": -6.0284998920386,
    "J1125-6014_KAT_MKBF_efac": 1.04492450700656,
    "J1125-6014_KAT_MKBF_log10_ecorr": -6.55712538255975,
    "J1125-6014_KAT_MKBF_log10_tnequad": -7.2617394929158,
    "J1216-6410_KAT_MKBF_efac": 0.967644393731606,
    "J1216-6410_KAT_MKBF_log10_ecorr": -6.4088333857228,
    "J1216-6410_KAT_MKBF_log10_tnequad": -8.51489314994398,
    "J1231-1411_KAT_MKBF_efac": 0.996629952069189,
    "J1231-1411_KAT_MKBF_log10_ecorr": -6.43881638869197,
    "J1231-1411_KAT_MKBF_log10_tnequad": -9.79414474077855,
    "J1327-0755_KAT_MKBF_efac": 0.654575157750949,
    "J1327-0755_KAT_MKBF_log10_ecorr": -6.32364250749182,
    "J1327-0755_KAT_MKBF_log10_tnequad": -9.83585422241585,
    "J1421-4409_KAT_MKBF_efac": 1.02604955133039,
    "J1421-4409_KAT_MKBF_log10_ecorr": -6.01624635855574,
    "J1421-4409_KAT_MKBF_log10_tnequad": -6.20710311395649,
    "J1431-5740_KAT_MKBF_efac": 1.05583036423746,
    "J1431-5740_KAT_MKBF_log10_ecorr": -5.66522965084467,
    "J1431-5740_KAT_MKBF_log10_tnequad": -5.78563932780609,
    "J1435-6100_KAT_MKBF_efac": 0.948074862268603,
    "J1435-6100_KAT_MKBF_log10_ecorr": -5.74291856875179,
    "J1435-6100_KAT_MKBF_log10_tnequad": -6.47012178948782,
    "J1446-4701_KAT_MKBF_efac": 0.999516967865419,
    "J1446-4701_KAT_MKBF_log10_ecorr": -6.40565208120832,
    "J1446-4701_KAT_MKBF_log10_tnequad": -9.57649415449792,
    "J1455-3330_KAT_MKBF_efac": 1.02875470659909,
    "J1455-3330_KAT_MKBF_log10_ecorr": -6.33427514988344,
    "J1455-3330_KAT_MKBF_log10_tnequad": -9.84934619365378,
    "J1514-4946_KAT_MKBF_efac": 0.802539843065887,
    "J1514-4946_KAT_MKBF_log10_ecorr": -6.38131346619839,
    "J1514-4946_KAT_MKBF_log10_tnequad": -6.50413775208188,
    "J1525-5545_KAT_MKBF_efac": 1.02068559804523,
    "J1525-5545_KAT_MKBF_log10_ecorr": -5.58655571002416,
    "J1525-5545_KAT_MKBF_log10_tnequad": -6.0386869480223,
    "J1543-5149_KAT_MKBF_efac": 1.02987430731091,
    "J1543-5149_KAT_MKBF_log10_ecorr": -5.86820206835277,
    "J1543-5149_KAT_MKBF_log10_tnequad": -9.8599893137519,
    "J1545-4550_KAT_MKBF_efac": 1.01083815104016,
    "J1545-4550_KAT_MKBF_log10_ecorr": -6.53223545639198,
    "J1545-4550_KAT_MKBF_log10_tnequad": -9.40411201139107,
    "J1547-5709_KAT_MKBF_efac": 0.953923232993032,
    "J1547-5709_KAT_MKBF_log10_ecorr": -6.08234795510189,
    "J1547-5709_KAT_MKBF_log10_tnequad": -9.0757825725199,
    "J1600-3053_KAT_MKBF_efac": 1.02378013702651,
    "J1600-3053_KAT_MKBF_log10_ecorr": -6.37334873826142,
    "J1600-3053_KAT_MKBF_log10_tnequad": -6.75066506875827,
    "J1603-7202_KAT_MKBF_efac": 1.03753397853339,
    "J1603-7202_KAT_MKBF_log10_ecorr": -5.64470614087593,
    "J1603-7202_KAT_MKBF_log10_tnequad": -6.42079888478438,
    "J1614-2230_KAT_MKBF_efac": 1.07664692590911,
    "J1614-2230_KAT_MKBF_log10_ecorr": -5.93060427503123,
    "J1614-2230_KAT_MKBF_log10_tnequad": -8.38242956899481,
    "J1629-6902_KAT_MKBF_efac": 1.01579007917447,
    "J1629-6902_KAT_MKBF_log10_ecorr": -6.59244191268157,
    "J1629-6902_KAT_MKBF_log10_tnequad": -6.99087574594376,
    "J1643-1224_KAT_MKBF_efac": 0.813044069332371,
    "J1643-1224_KAT_MKBF_log10_ecorr": -5.98667589126746,
    "J1643-1224_KAT_MKBF_log10_tnequad": -5.8155438081054,
    "J1652-4838_KAT_MKBF_efac": 0.971975805148901,
    "J1652-4838_KAT_MKBF_log10_ecorr": -5.81646024984053,
    "J1652-4838_KAT_MKBF_log10_tnequad": -9.9559186094819,
    "J1653-2054_KAT_MKBF_efac": 1.00428642606517,
    "J1653-2054_KAT_MKBF_log10_ecorr": -5.68785331828182,
    "J1653-2054_KAT_MKBF_log10_tnequad": -6.27539678875829,
    "J1658-5324_KAT_MKBF_efac": 1.00596801454091,
    "J1658-5324_KAT_MKBF_log10_tnequad": -9.46783969666618,
    "J1705-1903_KAT_MKBF_efac": 2.40784106235252,
    "J1705-1903_KAT_MKBF_log10_ecorr": -5.94394746149431,
    "J1705-1903_KAT_MKBF_log10_tnequad": -8.78392697202854,
    "J1708-3506_KAT_MKBF_efac": 1.04825849718602,
    "J1708-3506_KAT_MKBF_log10_ecorr": -5.98788127433903,
    "J1708-3506_KAT_MKBF_log10_tnequad": -8.55273211431187,
    "J1713+0747_KAT_MKBF_efac": 0.9295423702889,
    "J1713+0747_KAT_MKBF_log10_tnequad": -6.28379949959178,
    "J1719-1438_KAT_MKBF_efac": 0.980512368176135,
    "J1719-1438_KAT_MKBF_log10_tnequad": -9.57248788002807,
    "J1721-2457_KAT_MKBF_efac": 1.07363893552984,
    "J1721-2457_KAT_MKBF_log10_ecorr": -6.14738215939976,
    "J1721-2457_KAT_MKBF_log10_tnequad": -6.11114975915736,
    "J1730-2304_KAT_MKBF_efac": 1.02728719628169,
    "J1730-2304_KAT_MKBF_log10_ecorr": -6.15836599301295,
    "J1730-2304_KAT_MKBF_log10_tnequad": -6.9654726899202,
    "J1732-5049_KAT_MKBF_efac": 0.991056339290384,
    "J1732-5049_KAT_MKBF_log10_ecorr": -6.7800202891157,
    "J1732-5049_KAT_MKBF_log10_tnequad": -6.9000338898461,
    "J1737-0811_KAT_MKBF_efac": 0.950945150937049,
    "J1737-0811_KAT_MKBF_log10_ecorr": -5.80932144739502,